2026-01-01 08:00:00,INFO,Database connection established
2026-01-01 08:00:32,INFO,API request completed
2026-01-01 08:01:08,INFO,Database connection timeout
2026-01-01 08:02:03,ERROR,API request completed
2026-01-01 08:02:56,ERROR,File deleted
2026-01-01 08:00:40,DEBUG,API request completed
2026-01-01 08:02:18,INFO,File deleted
2026-01-01 08:00:56,INFO,UserLogin succeeded
2026-01-01 08:02:32,WARN,Cache miss
2026-01-01 08:04:48,ERROR,Database connection established
2026-01-01 08:05:10,INFO,UserLogin succeeded
2026-01-01 08:02:45,WARN,Database connection established
2026-01-01 08:10:36,ERROR,API request completed
2026-01-01 08:04:33,INFO,Payment processed
2026-01-01 08:13:04,ERROR,Database connection established
2026-01-01 08:02:00,ERROR,UserLogin succeeded
2026-01-01 08:14:24,INFO,Cache miss
2026-01-01 08:11:54,ERROR,Database connection timeout
2026-01-01 08:15:54,INFO,File deleted
2026-01-01 08:08:33,INFO,UserLogin failed
2026-01-01 08:17:40,WARN,Payment declined
2026-01-01 08:08:45,INFO,File deleted
2026-01-01 08:14:40,ERROR,Payment declined
2026-01-01 08:09:58,INFO,Payment declined
2026-01-01 08:02:24,DEBUG,File uploaded
2026-01-01 08:04:10,INFO,Cache hit
2026-01-01 08:17:46,WARN,Payment processed
2026-01-01 08:12:09,DEBUG,Payment declined
2026-01-01 08:08:24,INFO,Database connection timeout
2026-01-01 08:11:36,ERROR,API request completed
2026-01-01 08:06:00,DEBUG,File deleted
2026-01-01 08:08:47,INFO,API request failed
2026-01-01 08:18:40,INFO,File uploaded
2026-01-01 08:12:06,INFO,Payment declined
2026-01-01 08:27:46,ERROR,Payment processed
2026-01-01 08:12:50,WARN,Cache miss
2026-01-01 08:25:12,INFO,Database connection timeout
2026-01-01 08:27:08,INFO,File deleted
2026-01-01 08:10:46,INFO,Database connection established
2026-01-01 08:11:03,ERROR,API request failed
2026-01-01 08:28:00,WARN,File uploaded
2026-01-01 08:03:25,DEBUG,File deleted
2026-01-01 08:40:36,DEBUG,UserLogin failed
2026-01-01 08:26:31,ERROR,UserLogin succeeded
2026-01-01 08:14:40,WARN,Payment declined
2026-01-01 08:09:00,INFO,Payment declined
2026-01-01 08:25:18,ERROR,Database connection timeout
2026-01-01 08:26:38,ERROR,API request completed
2026-01-01 08:44:48,INFO,UserLogin succeeded
2026-01-01 08:06:32,DEBUG,Database connection established
2026-01-01 08:49:10,ERROR,API request failed
2026-01-01 08:38:15,DEBUG,File deleted
2026-01-01 08:38:08,DEBUG,File uploaded
2026-01-01 08:13:15,INFO,Payment declined
2026-01-01 08:19:48,ERROR,Payment declined
2026-01-01 08:27:30,WARN,Cache miss
2026-01-01 08:32:40,DEBUG,Cache miss
2026-01-01 08:16:09,INFO,UserLogin succeeded
2026-01-01 08:21:16,ERROR,API request completed
2026-01-01 08:28:31,INFO,Payment declined
2026-01-01 08:40:00,DEBUG,Payment processed
2026-01-01 08:58:58,ERROR,Database connection established
2026-01-01 08:15:30,INFO,File deleted
2026-01-01 08:19:57,INFO,API request completed
2026-01-01 08:38:24,DEBUG,Cache hit
2026-01-01 08:16:15,INFO,UserLogin failed
2026-01-01 08:45:06,DEBUG,API request completed
2026-01-01 08:49:08,INFO,Database connection timeout
2026-01-01 09:08:00,INFO,Payment declined
2026-01-01 08:41:24,INFO,Payment declined
2026-01-01 09:08:50,INFO,File deleted
2026-01-01 08:41:25,INFO,Payment declined
2026-01-01 09:06:00,INFO,Cache hit
2026-01-01 08:09:44,INFO,API request completed
2026-01-01 08:24:40,INFO,File uploaded
2026-01-01 08:26:15,ERROR,Payment declined
2026-01-01 08:34:12,ERROR,Database connection established
2026-01-01 09:11:52,ERROR,Payment declined
2026-01-01 08:19:30,INFO,API request failed
2026-01-01 08:28:58,INFO,Database connection timeout
2026-01-01 09:05:20,WARN,UserLogin failed
2026-01-01 08:25:39,ERROR,File uploaded
2026-01-01 08:15:02,INFO,Database connection timeout
2026-01-01 08:22:08,DEBUG,Cache hit
2026-01-01 08:23:48,WARN,Cache hit
2026-01-01 08:42:30,DEBUG,Database connection established
2026-01-01 08:31:32,INFO,UserLogin succeeded
2026-01-01 08:10:09,INFO,File uploaded
2026-01-01 08:33:44,INFO,UserLogin succeeded
2026-01-01 09:20:06,INFO,Payment processed
2026-01-01 09:25:30,WARN,Cache miss
2026-01-01 08:48:32,INFO,File deleted
2026-01-01 08:29:08,ERROR,Cache miss
2026-01-01 08:31:00,DEBUG,Payment declined
2026-01-01 09:19:54,INFO,File uploaded
2026-01-01 09:30:15,INFO,Database connection established
2026-01-01 09:05:36,INFO,Payment declined
2026-01-01 08:51:44,DEBUG,Payment processed
2026-01-01 08:42:28,WARN,UserLogin failed
2026-01-01 09:37:21,INFO,UserLogin failed
2026-01-01 09:35:00,WARN,UserLogin succeeded
2026-01-01 08:57:14,DEBUG,File deleted
2026-01-01 08:22:06,DEBUG,API request completed
2026-01-01 08:42:55,INFO,UserLogin failed
2026-01-01 09:30:08,ERROR,UserLogin failed
2026-01-01 08:52:30,INFO,UserLogin succeeded
2026-01-01 08:19:26,DEBUG,UserLogin succeeded
2026-01-01 08:55:17,INFO,Database connection timeout
2026-01-01 08:48:36,INFO,Database connection timeout
2026-01-01 08:27:15,DEBUG,Cache hit
2026-01-01 09:29:50,ERROR,Payment processed
2026-01-01 09:02:54,WARN,Payment declined
2026-01-01 09:03:28,INFO,File uploaded
2026-01-01 08:30:08,WARN,UserLogin succeeded
2026-01-01 09:04:36,WARN,Payment declined
2026-01-01 08:59:25,INFO,File uploaded
2026-01-01 08:15:28,INFO,Payment declined
2026-01-01 08:40:57,INFO,Cache miss
2026-01-01 09:18:40,DEBUG,UserLogin succeeded
2026-01-01 08:11:54,DEBUG,Payment declined
2026-01-01 08:46:00,INFO,UserLogin failed
2026-01-01 08:54:27,INFO,Database connection established
2026-01-01 09:31:30,ERROR,File deleted
2026-01-01 09:36:21,DEBUG,API request failed
2026-01-01 08:18:36,INFO,Payment processed
2026-01-01 09:21:15,DEBUG,Cache hit
2026-01-01 08:56:42,INFO,UserLogin succeeded
2026-01-01 09:33:08,INFO,Database connection timeout
2026-01-01 08:14:56,INFO,UserLogin failed
2026-01-01 08:27:57,WARN,API request failed
2026-01-01 09:44:00,ERROR,Cache hit
2026-01-01 09:03:19,WARN,File uploaded
2026-01-01 10:01:00,DEBUG,Payment declined
2026-01-01 08:57:38,INFO,API request failed
2026-01-01 10:09:32,INFO,UserLogin succeeded
2026-01-01 09:50:15,INFO,UserLogin failed
2026-01-01 08:52:08,INFO,UserLogin succeeded
2026-01-01 09:15:21,ERROR,Payment processed
2026-01-01 09:57:18,ERROR,API request failed
2026-01-01 08:37:04,DEBUG,Database connection timeout
2026-01-01 09:47:20,ERROR,File uploaded
2026-01-01 10:21:00,INFO,API request completed
2026-01-01 10:00:42,INFO,Cache hit
2026-01-01 08:40:31,INFO,API request completed
2026-01-01 10:14:24,INFO,API request completed
2026-01-01 08:45:55,INFO,Database connection timeout
2026-01-01 09:39:46,INFO,Cache miss
2026-01-01 10:24:33,INFO,UserLogin succeeded
2026-01-01 09:43:36,INFO,File deleted
2026-01-01 09:29:24,INFO,UserLogin succeeded
2026-01-01 08:35:00,WARN,Cache hit
2026-01-01 08:22:39,INFO,File deleted
2026-01-01 09:56:32,ERROR,UserLogin succeeded
2026-01-01 08:56:06,INFO,Payment declined
2026-01-01 08:30:48,WARN,Database connection established
2026-01-01 10:22:05,WARN,Database connection timeout
2026-01-01 08:39:00,WARN,Cache hit
2026-01-01 08:39:15,INFO,Payment declined
2026-01-01 09:21:38,INFO,Payment processed
2026-01-01 09:38:03,ERROR,UserLogin failed
2026-01-01 09:54:40,ERROR,Payment declined
2026-01-01 08:34:53,INFO,Payment declined
2026-01-01 09:58:48,INFO,Payment processed
2026-01-01 08:54:20,ERROR,Cache miss
2026-01-01 10:19:24,INFO,UserLogin failed
2026-01-01 10:06:30,ERROR,API request completed
2026-01-01 09:03:38,ERROR,UserLogin failed
2026-01-01 08:19:29,INFO,API request completed
2026-01-01 10:34:00,WARN,API request completed
2026-01-01 08:28:10,INFO,Database connection established
2026-01-01 09:30:40,INFO,UserLogin succeeded
2026-01-01 09:51:09,WARN,File deleted
2026-01-01 09:40:20,WARN,Database connection established
2026-01-01 09:35:09,INFO,UserLogin succeeded
2026-01-01 10:22:06,WARN,Database connection established
2026-01-01 10:25:50,ERROR,API request completed
2026-01-01 09:36:48,WARN,API request failed
2026-01-01 10:00:57,INFO,Payment declined
2026-01-01 09:58:40,ERROR,Cache hit
2026-01-01 10:11:16,INFO,Payment declined
2026-01-01 09:51:00,INFO,UserLogin succeeded
2026-01-01 09:27:29,WARN,UserLogin succeeded
2026-01-01 10:22:34,DEBUG,API request completed
2026-01-01 09:10:09,INFO,API request completed
2026-01-01 10:30:16,WARN,Payment processed
2026-01-01 09:29:25,INFO,API request failed
2026-01-01 08:55:48,ERROR,File deleted
2026-01-01 10:14:01,DEBUG,Cache miss
2026-01-01 08:47:00,INFO,Cache hit
2026-01-01 11:05:51,INFO,Cache miss
2026-01-01 08:22:10,INFO,Cache miss
2026-01-01 09:54:36,DEBUG,File uploaded
2026-01-01 09:20:00,INFO,File deleted
2026-01-01 09:07:33,INFO,UserLogin failed
2026-01-01 10:44:54,INFO,UserLogin succeeded
2026-01-01 08:48:45,DEBUG,UserLogin failed
2026-01-01 10:10:40,DEBUG,Database connection established
2026-01-01 09:41:47,ERROR,Database connection established
2026-01-01 08:19:48,ERROR,API request completed
2026-01-01 10:09:21,INFO,UserLogin succeeded
2026-01-01 08:56:40,DEBUG,UserLogin failed
2026-01-01 09:03:39,ERROR,File uploaded
2026-01-01 08:43:46,WARN,Payment processed
2026-01-01 08:20:18,INFO,UserLogin succeeded
2026-01-01 09:31:48,DEBUG,UserLogin failed
2026-01-01 09:01:30,INFO,UserLogin succeeded
2026-01-01 08:34:20,DEBUG,UserLogin succeeded
2026-01-01 10:49:03,DEBUG,Payment processed
2026-01-01 10:01:20,INFO,Payment processed
2026-01-01 11:22:02,INFO,Cache miss
2026-01-01 09:13:30,ERROR,File deleted
2026-01-01 09:17:22,WARN,API request failed
2026-01-01 11:32:00,ERROR,Cache miss
2026-01-01 09:18:06,DEBUG,Payment declined
2026-01-01 10:22:40,DEBUG,Payment declined
2026-01-01 11:09:55,WARN,API request completed
2026-01-01 11:32:24,INFO,API request completed
2026-01-01 09:08:43,INFO,UserLogin succeeded
2026-01-01 10:39:52,DEBUG,UserLogin failed
2026-01-01 08:51:06,INFO,Cache hit
2026-01-01 11:25:20,DEBUG,API request completed
2026-01-01 08:58:56,INFO,API request failed
2026-01-01 10:20:36,INFO,Cache miss
2026-01-01 09:44:04,INFO,API request failed
2026-01-01 11:02:56,INFO,Cache miss
2026-01-01 09:26:15,DEBUG,UserLogin failed
2026-01-01 08:26:22,INFO,Cache miss
2026-01-01 09:08:06,INFO,UserLogin succeeded
2026-01-01 08:49:24,INFO,API request completed
2026-01-01 10:09:46,INFO,Payment processed
2026-01-01 11:46:10,INFO,API request completed
2026-01-01 10:18:36,INFO,API request completed
2026-01-01 08:19:20,DEBUG,Database connection timeout
2026-01-01 08:23:18,INFO,File deleted
2026-01-01 11:46:12,INFO,Cache miss
2026-01-01 11:11:55,ERROR,UserLogin failed
2026-01-01 08:47:12,WARN,Database connection established
2026-01-01 08:55:18,INFO,File uploaded
2026-01-01 09:43:08,ERROR,API request failed
2026-01-01 08:43:49,INFO,Database connection established
2026-01-01 09:12:00,WARN,Cache hit
2026-01-01 10:44:41,INFO,API request completed
2026-01-01 10:45:22,INFO,Payment processed
2026-01-01 09:41:15,DEBUG,Payment declined
2026-01-01 09:13:12,WARN,Database connection established
2026-01-01 10:06:35,INFO,File uploaded
2026-01-01 09:09:42,INFO,Cache miss
2026-01-01 11:17:36,DEBUG,Payment processed
2026-01-01 09:43:20,INFO,UserLogin failed
2026-01-01 09:02:15,ERROR,Cache hit
2026-01-01 09:19:10,WARN,Payment processed
2026-01-01 10:51:31,DEBUG,Cache miss
2026-01-01 09:49:12,INFO,Payment processed
2026-01-01 10:23:22,ERROR,UserLogin succeeded
2026-01-01 10:32:24,INFO,Payment declined
2026-01-01 10:33:00,ERROR,Cache miss
2026-01-01 09:12:32,INFO,Payment processed
2026-01-01 11:08:28,INFO,API request failed
2026-01-01 08:25:48,DEBUG,UserLogin succeeded
2026-01-01 10:56:59,WARN,UserLogin succeeded
2026-01-01 10:57:40,DEBUG,UserLogin failed
2026-01-01 12:03:36,ERROR,Cache hit
2026-01-01 11:03:24,DEBUG,Database connection established
2026-01-01 10:20:16,DEBUG,API request failed
2026-01-01 10:51:36,INFO,Payment declined
2026-01-01 11:40:50,ERROR,API request completed
2026-01-01 09:59:42,DEBUG,File uploaded
2026-01-01 10:58:00,INFO,UserLogin failed
2026-01-01 09:11:28,ERROR,Payment declined
2026-01-01 10:27:57,INFO,Payment declined
2026-01-01 10:19:30,INFO,UserLogin succeeded
2026-01-01 10:10:59,INFO,Database connection timeout
2026-01-01 11:19:28,INFO,File deleted
2026-01-01 09:35:33,INFO,API request failed
2026-01-01 11:30:04,DEBUG,Database connection timeout
2026-01-01 08:27:30,DEBUG,Cache hit
2026-01-01 10:04:12,INFO,Database connection timeout
2026-01-01 11:46:13,INFO,Cache hit
2026-01-01 11:14:36,ERROR,Payment processed
2026-01-01 10:10:12,ERROR,Payment processed
2026-01-01 10:24:40,ERROR,API request failed
2026-01-01 12:08:13,ERROR,Cache hit
2026-01-01 08:42:18,WARN,File uploaded
2026-01-01 10:07:21,INFO,File uploaded
2026-01-01 08:52:04,INFO,File deleted
2026-01-01 10:55:45,INFO,API request failed
2026-01-01 09:59:10,INFO,File deleted
2026-01-01 10:56:59,INFO,Payment processed
2026-01-01 11:31:12,WARN,API request failed
2026-01-01 08:48:10,DEBUG,API request failed
2026-01-01 09:56:00,ERROR,Payment declined
2026-01-01 08:38:48,INFO,File uploaded
2026-01-01 10:30:52,DEBUG,Database connection established
2026-01-01 10:46:02,WARN,File uploaded
2026-01-01 11:16:00,DEBUG,UserLogin succeeded
2026-01-01 11:11:45,INFO,Cache miss
2026-01-01 10:13:12,DEBUG,UserLogin succeeded
2026-01-01 08:29:42,DEBUG,Payment declined
2026-01-01 12:13:18,INFO,File deleted
2026-01-01 12:54:01,WARN,File uploaded
2026-01-01 12:10:00,DEBUG,Payment declined
2026-01-01 09:30:18,WARN,UserLogin succeeded
2026-01-01 09:55:46,ERROR,Payment declined
2026-01-01 10:11:18,WARN,Database connection timeout
2026-01-01 12:38:40,INFO,Cache miss
2026-01-01 08:25:25,INFO,UserLogin failed
2026-01-01 10:17:42,INFO,UserLogin succeeded
2026-01-01 08:46:03,INFO,Database connection timeout
2026-01-01 08:25:40,INFO,UserLogin failed
2026-01-01 12:12:21,ERROR,Payment processed
2026-01-01 09:27:50,INFO,Payment declined
2026-01-01 08:46:39,WARN,UserLogin failed
2026-01-01 11:28:00,INFO,File uploaded
2026-01-01 12:52:08,WARN,Cache miss
2026-01-01 08:26:10,ERROR,API request completed
2026-01-01 11:56:15,WARN,API request completed
2026-01-01 11:35:56,WARN,API request completed
2026-01-01 09:29:49,WARN,Payment processed
2026-01-01 08:47:42,ERROR,UserLogin succeeded
2026-01-01 13:13:41,INFO,UserLogin failed
2026-01-01 13:09:20,INFO,UserLogin failed
2026-01-01 11:34:00,INFO,Database connection established
2026-01-01 11:02:28,WARN,File deleted
2026-01-01 09:04:36,INFO,UserLogin failed
2026-01-01 08:59:24,ERROR,API request failed
2026-01-01 12:52:30,WARN,File uploaded
2026-01-01 10:32:08,DEBUG,Cache hit
2026-01-01 08:49:03,INFO,API request failed
2026-01-01 12:00:32,DEBUG,API request completed
2026-01-01 10:55:28,DEBUG,Database connection timeout
2026-01-01 08:55:00,WARN,UserLogin succeeded
2026-01-01 09:17:14,WARN,Payment processed
2026-01-01 08:27:40,INFO,UserLogin failed
2026-01-01 12:59:42,DEBUG,UserLogin failed
2026-01-01 11:53:48,INFO,Database connection established
2026-01-01 12:11:15,INFO,Database connection timeout
2026-01-01 09:57:36,INFO,File deleted
2026-01-01 12:07:08,INFO,Payment processed
2026-01-01 13:15:28,ERROR,Database connection established
2026-01-01 11:00:48,INFO,Cache hit
2026-01-01 11:58:00,ERROR,Payment declined
2026-01-01 09:25:15,ERROR,File deleted
2026-01-01 11:19:30,DEBUG,API request completed
2026-01-01 10:22:55,INFO,Payment processed
2026-01-01 11:43:36,INFO,API request completed
2026-01-01 13:22:00,INFO,Cache miss
2026-01-01 09:09:12,ERROR,Database connection timeout
2026-01-01 10:24:35,INFO,Payment declined
2026-01-01 11:17:12,ERROR,Database connection established
2026-01-01 09:44:42,INFO,File deleted
2026-01-01 10:25:50,ERROR,UserLogin failed
2026-01-01 08:58:30,INFO,Cache hit
2026-01-01 11:07:44,ERROR,UserLogin succeeded
2026-01-01 11:14:09,INFO,File uploaded
2026-01-01 12:43:12,ERROR,Cache miss
2026-01-01 10:16:05,INFO,API request completed
2026-01-01 13:20:24,ERROR,UserLogin failed
2026-01-01 10:46:36,WARN,File deleted
2026-01-01 10:35:08,DEBUG,Payment declined
2026-01-01 12:05:19,ERROR,UserLogin succeeded
2026-01-01 09:54:00,DEBUG,API request completed
2026-01-01 11:00:30,DEBUG,API request completed
2026-01-01 10:36:52,WARN,Database connection timeout
2026-01-01 10:07:03,INFO,Cache miss
2026-01-01 08:36:24,DEBUG,Payment processed
2026-01-01 13:52:50,INFO,Database connection established
2026-01-01 11:21:18,INFO,Database connection timeout
2026-01-01 13:48:39,INFO,API request completed
2026-01-01 11:46:56,INFO,Database connection timeout
2026-01-01 09:38:24,INFO,UserLogin failed
2026-01-01 12:19:00,DEBUG,API request completed
2026-01-01 10:46:57,ERROR,Cache miss
2026-01-01 13:28:36,ERROR,Payment declined
2026-01-01 13:48:08,INFO,Cache hit
2026-01-01 08:56:06,DEBUG,Database connection established
2026-01-01 10:05:00,INFO,Payment declined
2026-01-01 11:14:16,INFO,Payment declined
2026-01-01 13:45:35,WARN,API request completed
2026-01-01 09:40:48,INFO,File deleted
2026-01-01 09:53:42,ERROR,Database connection timeout
2026-01-01 10:44:40,INFO,UserLogin failed
2026-01-01 08:38:06,WARN,API request failed
2026-01-01 10:26:26,WARN,UserLogin succeeded
2026-01-01 13:31:56,INFO,Cache miss
2026-01-01 09:42:24,INFO,UserLogin failed
2026-01-01 13:27:15,ERROR,File deleted
2026-01-01 08:57:54,INFO,File uploaded
2026-01-01 08:51:36,WARN,Database connection timeout
2026-01-01 11:39:52,ERROR,Payment processed
2026-01-01 10:35:36,INFO,Database connection timeout
2026-01-01 09:57:00,INFO,Database connection timeout
2026-01-01 13:19:19,ERROR,File uploaded
2026-01-01 10:10:40,INFO,Database connection established
2026-01-01 11:42:42,DEBUG,Payment processed
2026-01-01 08:45:58,WARN,Cache hit
2026-01-01 13:02:50,INFO,UserLogin failed
2026-01-01 12:04:12,INFO,API request failed
2026-01-01 12:37:54,ERROR,File uploaded
2026-01-01 14:38:00,WARN,Database connection established
2026-01-01 14:25:42,WARN,UserLogin succeeded
2026-01-01 11:00:00,INFO,Payment processed
2026-01-01 13:40:51,DEBUG,Database connection established
2026-01-01 09:27:06,INFO,API request failed
2026-01-01 08:47:01,INFO,Payment declined
2026-01-01 13:56:52,ERROR,Payment processed
2026-01-01 10:48:45,ERROR,API request completed
2026-01-01 11:02:42,INFO,Cache miss
2026-01-01 09:28:11,INFO,API request failed
2026-01-01 13:12:48,INFO,API request failed
2026-01-01 11:58:35,INFO,API request failed
2026-01-01 11:18:10,INFO,UserLogin failed
2026-01-01 08:47:57,INFO,API request failed
2026-01-01 10:31:04,DEBUG,UserLogin failed
2026-01-01 08:48:11,INFO,UserLogin succeeded
2026-01-01 09:57:18,ERROR,Database connection established
2026-01-01 09:29:55,INFO,Payment processed
2026-01-01 14:00:32,INFO,Database connection established
2026-01-01 14:15:18,ERROR,Database connection established
2026-01-01 13:13:30,INFO,Payment processed
2026-01-01 11:01:34,INFO,Cache hit
2026-01-01 11:58:00,INFO,File uploaded
2026-01-01 13:43:49,INFO,File uploaded
2026-01-01 10:13:38,INFO,Cache hit
2026-01-01 09:59:51,ERROR,File uploaded
2026-01-01 10:35:28,INFO,Database connection timeout
2026-01-01 14:15:25,WARN,Cache miss
2026-01-01 12:15:36,WARN,Payment declined
2026-01-01 13:41:36,INFO,File uploaded
2026-01-01 09:47:00,INFO,Database connection established
2026-01-01 11:20:12,ERROR,Payment declined
2026-01-01 12:25:10,INFO,Payment declined
2026-01-01 11:06:46,INFO,Database connection established
2026-01-01 15:04:48,INFO,Payment processed
2026-01-01 14:29:42,ERROR,Cache miss
2026-01-01 12:56:34,ERROR,Cache hit
2026-01-01 15:00:30,DEBUG,Cache hit
2026-01-01 14:03:20,WARN,UserLogin succeeded
2026-01-01 11:02:05,INFO,File deleted
2026-01-01 08:58:24,INFO,Payment declined
2026-01-01 12:08:46,INFO,Cache miss
2026-01-01 12:53:20,ERROR,File deleted
2026-01-01 12:39:18,INFO,Database connection established
2026-01-01 14:15:42,DEBUG,API request failed
2026-01-01 13:10:06,ERROR,Cache hit
2026-01-01 12:48:36,INFO,File uploaded
2026-01-01 13:41:10,INFO,UserLogin succeeded
2026-01-01 13:12:12,DEBUG,UserLogin failed
2026-01-01 12:35:39,DEBUG,Cache hit
2026-01-01 11:51:28,ERROR,Payment processed
2026-01-01 12:36:53,INFO,Payment declined
2026-01-01 12:45:00,ERROR,Cache miss
2026-01-01 13:53:17,DEBUG,Database connection established
2026-01-01 14:01:36,WARN,File deleted
2026-01-01 14:09:57,INFO,API request failed
2026-01-01 12:17:16,INFO,File deleted
2026-01-01 09:08:15,WARN,Database connection established
2026-01-01 13:57:12,ERROR,File uploaded
2026-01-01 15:21:46,INFO,UserLogin failed
2026-01-01 11:33:44,WARN,Database connection timeout
2026-01-01 12:35:24,WARN,API request failed
2026-01-01 15:17:00,DEBUG,Payment declined
2026-01-01 13:22:42,INFO,API request failed
2026-01-01 08:38:30,INFO,UserLogin failed
2026-01-01 10:34:20,DEBUG,Database connection timeout
2026-01-01 10:42:24,INFO,Payment declined
2026-01-01 09:33:00,ERROR,API request completed
2026-01-01 12:24:04,INFO,API request failed
2026-01-01 14:21:23,ERROR,API request completed
2026-01-01 10:28:12,DEBUG,Database connection timeout
2026-01-01 12:41:24,INFO,API request completed
2026-01-01 13:29:00,DEBUG,Cache miss
2026-01-01 11:08:24,INFO,UserLogin succeeded
2026-01-01 14:25:28,INFO,Cache miss
2026-01-01 14:10:31,INFO,API request failed
2026-01-01 13:00:12,DEBUG,UserLogin succeeded
2026-01-01 14:12:05,WARN,Payment processed
2026-01-01 10:06:56,ERROR,API request failed
2026-01-01 11:42:36,WARN,API request completed
2026-01-01 09:19:40,ERROR,Cache miss
2026-01-01 15:35:03,INFO,File deleted
2026-01-01 12:56:00,DEBUG,API request completed
2026-01-01 10:16:17,INFO,Payment declined
2026-01-01 13:37:24,INFO,Database connection timeout
2026-01-01 13:05:54,ERROR,File deleted
2026-01-01 10:57:28,ERROR,Database connection established
2026-01-01 15:16:30,INFO,Payment processed
2026-01-01 10:50:06,ERROR,Database connection timeout
2026-01-01 11:55:23,INFO,File uploaded
2026-01-01 13:57:52,WARN,API request completed
2026-01-01 11:56:21,INFO,File deleted
2026-01-01 10:02:30,INFO,UserLogin failed
2026-01-01 08:40:55,DEBUG,Payment processed
2026-01-01 14:25:24,INFO,Payment declined
2026-01-01 14:50:50,ERROR,Payment declined
2026-01-01 11:25:50,INFO,Cache miss
2026-01-01 11:59:15,ERROR,API request completed
2026-01-01 14:36:48,DEBUG,File deleted
2026-01-01 11:18:48,INFO,UserLogin failed
2026-01-01 09:31:18,INFO,UserLogin succeeded
2026-01-01 10:04:45,INFO,File uploaded
2026-01-01 16:20:00,INFO,UserLogin failed
2026-01-01 10:47:00,INFO,API request completed
2026-01-01 09:40:24,DEBUG,API request completed
2026-01-01 12:53:25,INFO,Payment declined
2026-01-01 13:44:24,INFO,File uploaded
2026-01-01 11:30:25,INFO,Payment declined
2026-01-01 13:45:46,INFO,Payment declined
2026-01-01 09:32:57,ERROR,Payment processed
2026-01-01 09:50:04,INFO,Payment declined
2026-01-01 11:23:36,INFO,File deleted
2026-01-01 15:13:30,INFO,Database connection established
2026-01-01 14:48:48,WARN,UserLogin failed
2026-01-01 14:49:36,DEBUG,Cache miss
2026-01-01 16:24:27,WARN,UserLogin succeeded
2026-01-01 14:34:04,INFO,Database connection established
2026-01-01 09:43:00,INFO,Cache miss
2026-01-01 12:26:36,DEBUG,API request failed
2026-01-01 13:01:35,INFO,UserLogin succeeded
2026-01-01 10:44:02,ERROR,Cache miss
2026-01-01 14:37:54,ERROR,Database connection established
2026-01-01 11:36:40,INFO,Cache hit
2026-01-01 16:14:57,INFO,UserLogin failed
2026-01-01 14:40:12,INFO,API request failed
2026-01-01 08:52:18,WARN,Payment declined
2026-01-01 10:02:16,DEBUG,Cache hit
2026-01-01 11:03:45,DEBUG,API request completed
2026-01-01 09:18:54,ERROR,Cache miss
2026-01-01 10:29:19,INFO,UserLogin failed
2026-01-01 12:59:12,WARN,Payment processed
2026-01-01 15:38:28,INFO,Database connection timeout
2026-01-01 09:28:20,INFO,Payment declined
2026-01-01 11:14:42,INFO,Cache hit
2026-01-01 15:49:56,WARN,Payment processed
2026-01-01 14:04:13,ERROR,Payment processed
2026-01-01 10:40:12,INFO,Database connection timeout
2026-01-01 15:52:35,DEBUG,UserLogin succeeded
2026-01-01 10:58:40,DEBUG,File uploaded
2026-01-01 14:24:51,ERROR,Cache hit
2026-01-01 12:55:54,INFO,Payment processed
2026-01-01 12:47:28,INFO,Payment processed
2026-01-01 15:30:00,ERROR,UserLogin succeeded
2026-01-01 15:39:51,INFO,Payment processed
2026-01-01 13:25:12,DEBUG,Cache hit
2026-01-01 15:32:30,INFO,API request failed
2026-01-01 14:20:48,INFO,File uploaded
2026-01-01 16:46:50,INFO,File deleted
2026-01-01 13:00:18,ERROR,Cache miss
2026-01-01 11:29:41,INFO,File uploaded
2026-01-01 11:30:04,WARN,File deleted
2026-01-01 08:45:45,WARN,Cache hit
2026-01-01 10:26:40,INFO,Cache hit
2026-01-01 14:34:53,WARN,File deleted
2026-01-01 15:49:12,WARN,UserLogin failed
2026-01-01 13:41:01,DEBUG,UserLogin failed
2026-01-01 15:13:58,WARN,Cache miss
2026-01-01 12:19:00,WARN,Cache miss
2026-01-01 14:19:56,INFO,Database connection established
2026-01-01 13:15:38,INFO,API request completed
2026-01-01 08:46:30,ERROR,Payment processed
2026-01-01 12:39:30,INFO,Cache hit
2026-01-01 15:00:00,WARN,API request completed
2026-01-01 08:56:06,INFO,Database connection established
2026-01-01 08:56:12,WARN,Payment declined
2026-01-01 13:28:25,INFO,File uploaded
2026-01-01 16:08:48,INFO,Cache miss
2026-01-01 17:06:10,INFO,File deleted
2026-01-01 10:40:22,ERROR,UserLogin failed
2026-01-01 16:01:57,WARN,Database connection established
2026-01-01 11:18:48,DEBUG,UserLogin succeeded
2026-01-01 14:19:20,INFO,API request failed
2026-01-01 08:57:00,DEBUG,File deleted
2026-01-01 17:11:58,ERROR,API request failed
2026-01-01 12:26:56,WARN,API request failed
2026-01-01 12:56:03,INFO,API request completed
2026-01-01 16:55:44,ERROR,Database connection established
2026-01-01 16:08:45,INFO,UserLogin failed
2026-01-01 17:36:00,INFO,Database connection established
2026-01-01 12:58:07,INFO,API request failed
2026-01-01 17:09:06,INFO,Cache miss
2026-01-01 09:36:30,INFO,API request completed
2026-01-01 15:34:20,INFO,UserLogin failed
2026-01-01 15:06:04,INFO,API request failed
2026-01-01 10:15:48,INFO,Cache miss
2026-01-01 14:28:40,ERROR,Cache miss
2026-01-01 14:19:36,ERROR,API request failed
2026-01-01 09:37:30,WARN,Payment declined
2026-01-01 14:50:12,INFO,Payment declined
2026-01-01 10:56:06,INFO,File uploaded
2026-01-01 12:14:48,DEBUG,Cache miss
2026-01-01 10:56:42,INFO,API request completed
2026-01-01 17:50:00,ERROR,Cache hit
2026-01-01 09:38:30,INFO,API request failed
2026-01-01 09:58:24,ERROR,Payment declined
2026-01-01 09:48:43,INFO,Payment declined
2026-01-01 16:15:00,ERROR,API request completed
2026-01-01 14:26:45,ERROR,Database connection timeout
2026-01-01 16:56:24,WARN,UserLogin failed
2026-01-01 11:09:03,WARN,File uploaded
2026-01-01 16:58:12,INFO,Database connection established
2026-01-01 14:39:20,WARN,UserLogin failed
2026-01-01 11:20:00,DEBUG,Cache miss
2026-01-01 16:00:48,DEBUG,UserLogin succeeded
2026-01-01 15:01:24,INFO,Database connection established
2026-01-01 17:02:42,INFO,Payment processed
2026-01-01 11:01:12,INFO,File uploaded
2026-01-01 16:34:15,DEBUG,File deleted
2026-01-01 17:35:42,WARN,UserLogin failed
2026-01-01 16:56:11,WARN,Cache hit
2026-01-01 14:25:04,WARN,Cache hit
2026-01-01 12:13:45,INFO,API request failed
2026-01-01 14:36:30,INFO,Payment declined
2026-01-01 13:56:25,INFO,UserLogin failed
2026-01-01 12:15:00,INFO,Payment processed
2026-01-01 08:51:05,ERROR,API request failed
2026-01-01 13:37:42,DEBUG,API request failed
2026-01-01 18:04:45,INFO,API request completed
2026-01-01 11:45:52,INFO,API request failed
2026-01-01 18:06:43,ERROR,Database connection timeout
2026-01-01 11:05:24,INFO,Payment declined
2026-01-01 09:01:54,INFO,Database connection established
2026-01-01 09:02:00,INFO,Payment declined
2026-01-01 15:25:03,INFO,API request failed
2026-01-01 09:22:56,INFO,Database connection timeout
2026-01-01 13:42:39,ERROR,File uploaded
2026-01-01 17:32:00,ERROR,File uploaded
2026-01-01 13:54:10,WARN,File uploaded
2026-01-01 14:57:20,INFO,File uploaded
2026-01-01 09:44:30,INFO,UserLogin succeeded
2026-01-01 12:21:40,INFO,API request failed
2026-01-01 14:38:22,ERROR,API request completed
2026-01-01 15:21:00,DEBUG,Payment declined
2026-01-01 18:31:00,ERROR,Database connection timeout
2026-01-01 14:19:12,INFO,Payment declined
2026-01-01 14:51:27,DEBUG,UserLogin succeeded
2026-01-01 14:09:50,INFO,Cache hit
2026-01-01 12:35:10,WARN,UserLogin succeeded
2026-01-01 09:03:36,WARN,Payment processed
2026-01-01 10:49:52,INFO,Database connection established
2026-01-01 15:58:30,INFO,API request failed
2026-01-01 11:54:18,INFO,Cache miss
2026-01-01 09:25:20,DEBUG,API request failed
2026-01-01 16:11:26,ERROR,Cache miss
2026-01-01 09:14:54,INFO,Payment processed
2026-01-01 14:25:48,ERROR,UserLogin succeeded
2026-01-01 17:50:20,INFO,Database connection established
2026-01-01 12:07:15,INFO,Database connection established
2026-01-01 09:26:08,INFO,File uploaded
2026-01-01 12:18:48,ERROR,Payment processed
2026-01-01 17:32:24,ERROR,File uploaded
2026-01-01 17:00:50,INFO,UserLogin succeeded
2026-01-01 09:59:10,INFO,Cache miss
2026-01-01 15:35:42,DEBUG,Database connection timeout
2026-01-01 13:36:52,ERROR,UserLogin failed
2026-01-01 10:54:08,INFO,API request completed
2026-01-01 15:05:06,INFO,File deleted
2026-01-01 14:33:00,INFO,UserLogin succeeded
2026-01-01 14:44:32,INFO,Cache miss
2026-01-01 18:24:09,INFO,UserLogin succeeded
2026-01-01 11:28:22,ERROR,File uploaded
2026-01-01 15:08:21,INFO,File deleted
2026-01-01 15:31:00,INFO,API request completed
2026-01-01 12:13:23,INFO,UserLogin failed
2026-01-01 15:54:26,INFO,Cache miss
2026-01-01 15:44:06,INFO,Database connection timeout
2026-01-01 14:38:24,INFO,UserLogin succeeded
2026-01-01 10:24:05,INFO,Cache hit
2026-01-01 17:26:06,ERROR,Cache miss
2026-01-01 15:35:47,DEBUG,Cache miss
2026-01-01 14:51:56,DEBUG,Database connection established
2026-01-01 09:51:30,ERROR,UserLogin succeeded
2026-01-01 16:11:20,INFO,Payment declined
2026-01-01 12:50:46,DEBUG,File deleted
2026-01-01 15:50:24,INFO,Payment declined
2026-01-01 14:43:48,WARN,Database connection timeout
2026-01-01 17:21:40,INFO,Payment declined
2026-01-01 08:56:15,ERROR,Payment declined
2026-01-01 14:56:52,ERROR,Database connection timeout
2026-01-01 13:15:56,INFO,Database connection established
2026-01-01 12:19:54,DEBUG,API request completed
2026-01-01 14:13:27,WARN,UserLogin succeeded
2026-01-01 19:08:40,INFO,Payment declined
2026-01-01 15:22:39,WARN,API request completed
2026-01-01 15:34:40,WARN,Payment declined
2026-01-01 13:52:53,ERROR,API request completed
2026-01-01 19:01:12,DEBUG,File uploaded
2026-01-01 19:25:00,INFO,Cache hit
2026-01-01 19:26:00,ERROR,UserLogin succeeded
2026-01-01 13:20:36,ERROR,Cache hit
2026-01-01 14:18:24,ERROR,File deleted
2026-01-01 10:29:17,DEBUG,Payment declined
2026-01-01 19:18:30,INFO,Payment declined
2026-01-01 13:45:30,INFO,Payment declined
2026-01-01 12:36:48,INFO,Cache hit
2026-01-01 16:16:39,DEBUG,File deleted
2026-01-01 15:07:58,DEBUG,Database connection established
2026-01-01 09:44:15,INFO,API request failed
2026-01-01 19:36:00,ERROR,Database connection timeout
2026-01-01 10:31:01,INFO,File deleted
2026-01-01 16:31:52,INFO,Database connection timeout
2026-01-01 15:57:39,WARN,UserLogin succeeded
2026-01-01 16:45:00,INFO,API request completed
2026-01-01 08:58:25,WARN,Database connection timeout
2026-01-01 12:40:48,WARN,File uploaded
2026-01-01 17:22:24,INFO,Cache hit
2026-01-01 18:21:52,ERROR,Cache miss
2026-01-01 11:43:15,ERROR,API request failed
2026-01-01 12:30:38,INFO,Payment processed
2026-01-01 11:55:40,ERROR,File deleted
2026-01-01 14:05:48,INFO,Cache hit
2026-01-01 15:29:02,INFO,API request failed
2026-01-01 19:14:30,INFO,Payment declined
2026-01-01 16:53:15,ERROR,API request failed
2026-01-01 16:54:00,ERROR,UserLogin failed
2026-01-01 12:21:26,ERROR,API request failed
2026-01-01 10:22:48,INFO,UserLogin failed
2026-01-01 18:31:35,ERROR,File uploaded
2026-01-01 09:35:28,ERROR,Payment processed
2026-01-01 15:10:12,INFO,Database connection established
2026-01-01 17:34:24,ERROR,UserLogin failed
2026-01-01 10:11:49,INFO,Database connection timeout
2026-01-01 15:36:00,INFO,Database connection established
2026-01-01 16:12:41,WARN,API request completed
2026-01-01 10:12:22,INFO,Payment processed
2026-01-01 10:12:33,INFO,File uploaded
2026-01-01 17:51:16,INFO,API request failed
2026-01-01 17:15:50,INFO,Payment declined
2026-01-01 15:39:48,INFO,API request failed
2026-01-01 14:39:51,ERROR,Payment declined
2026-01-01 18:30:56,INFO,Payment processed
2026-01-01 11:02:15,INFO,Cache miss
2026-01-01 12:27:40,DEBUG,File uploaded
2026-01-01 09:37:28,INFO,File deleted
2026-01-01 15:55:48,INFO,File deleted
2026-01-01 15:07:35,ERROR,Cache hit
2026-01-01 14:43:42,WARN,API request failed
2026-01-01 11:52:45,INFO,Payment declined
2026-01-01 16:35:12,ERROR,Database connection timeout
2026-01-01 18:14:10,WARN,Cache miss
2026-01-01 14:58:12,WARN,Database connection timeout
2026-01-01 10:15:29,INFO,Cache miss
2026-01-01 11:17:20,ERROR,Cache miss
2026-01-01 10:03:30,WARN,Database connection timeout
2026-01-01 16:02:18,DEBUG,UserLogin succeeded
2026-01-01 17:29:38,INFO,Database connection established
2026-01-01 09:51:36,WARN,API request failed
2026-01-01 17:06:20,ERROR,API request completed
2026-01-01 11:43:48,ERROR,Payment declined
2026-01-01 18:10:03,INFO,API request failed
2026-01-01 14:14:00,DEBUG,API request failed
2026-01-01 12:22:09,ERROR,File uploaded
2026-01-01 19:40:00,DEBUG,Database connection timeout
2026-01-01 11:45:18,INFO,Database connection established
2026-01-01 12:35:44,INFO,API request completed
2026-01-01 18:02:24,INFO,API request failed
2026-01-01 16:47:48,ERROR,Database connection timeout
2026-01-01 19:06:55,INFO,File deleted
2026-01-01 10:56:24,DEBUG,UserLogin succeeded
2026-01-01 15:21:35,INFO,UserLogin succeeded
2026-01-01 19:09:34,DEBUG,API request completed
2026-01-01 20:26:21,INFO,Payment declined
2026-01-01 16:26:40,INFO,File deleted
2026-01-01 17:43:26,WARN,Database connection timeout
2026-01-01 18:09:36,INFO,File uploaded
2026-01-01 11:48:54,ERROR,Payment declined
2026-01-01 13:31:04,WARN,Database connection established
2026-01-01 18:24:45,INFO,UserLogin failed
2026-01-01 10:45:58,INFO,API request failed
2026-01-01 11:11:45,WARN,UserLogin failed
2026-01-01 14:11:12,ERROR,Payment declined
2026-01-01 13:20:25,DEBUG,Cache hit
2026-01-01 15:16:20,ERROR,File deleted
2026-01-01 20:12:27,WARN,File uploaded
2026-01-01 13:47:24,INFO,Cache hit
2026-01-01 20:14:21,INFO,UserLogin failed
2026-01-01 10:34:48,WARN,UserLogin failed
2026-01-01 20:16:15,WARN,API request failed
2026-01-01 13:10:24,INFO,File uploaded
2026-01-01 12:31:57,INFO,Database connection established
2026-01-01 17:30:32,INFO,API request failed
2026-01-01 09:17:54,INFO,Cache miss
2026-01-01 11:28:00,ERROR,Payment processed
2026-01-01 12:59:23,ERROR,UserLogin failed
2026-01-01 12:59:46,INFO,Payment processed
2026-01-01 13:26:15,DEBUG,Database connection established
2026-01-01 13:26:40,DEBUG,Payment declined
2026-01-01 21:05:00,INFO,Cache hit
2026-01-01 09:44:48,ERROR,File deleted
2026-01-01 11:29:52,DEBUG,API request failed
2026-01-01 16:45:20,INFO,File deleted
2026-01-01 16:19:42,INFO,Cache hit
2026-01-01 12:36:30,INFO,UserLogin succeeded
2026-01-01 16:07:47,INFO,Cache miss
2026-01-01 20:45:36,INFO,API request failed
2026-01-01 18:21:11,WARN,Database connection established
2026-01-01 21:14:00,ERROR,Database connection established
2026-01-01 12:11:45,DEBUG,Payment declined
2026-01-01 16:10:52,INFO,UserLogin failed
2026-01-01 17:44:28,INFO,API request completed
2026-01-01 14:52:18,INFO,Payment processed
2026-01-01 11:19:45,INFO,UserLogin failed
2026-01-01 10:53:20,ERROR,UserLogin succeeded
2026-01-01 13:33:45,INFO,API request failed
2026-01-01 18:41:36,ERROR,UserLogin succeeded
2026-01-01 11:07:22,INFO,Cache miss
2026-01-01 11:47:48,INFO,Cache miss
2026-01-01 19:51:05,INFO,API request failed
2026-01-01 18:58:14,INFO,File deleted
2026-01-01 15:50:45,ERROR,API request completed
2026-01-01 14:57:28,WARN,API request failed
2026-01-01 18:20:14,DEBUG,API request failed
2026-01-01 12:43:30,INFO,Cache miss
2026-01-01 10:42:12,WARN,API request failed
2026-01-01 15:53:40,INFO,UserLogin succeeded
2026-01-01 21:19:27,DEBUG,API request completed
2026-01-01 16:21:58,INFO,Cache hit
2026-01-01 13:26:00,ERROR,UserLogin succeeded
2026-01-01 18:52:48,INFO,Cache hit
2026-01-01 17:45:31,INFO,Cache miss
2026-01-01 09:49:04,INFO,File deleted
2026-01-01 20:30:45,WARN,UserLogin failed
2026-01-01 19:50:40,DEBUG,API request failed
2026-01-01 13:55:46,INFO,File deleted
2026-01-01 10:17:00,WARN,API request failed
2026-01-01 16:41:14,WARN,Cache miss
2026-01-01 15:19:28,DEBUG,Payment declined
2026-01-01 19:13:45,ERROR,Payment declined
2026-01-01 16:01:50,INFO,Payment processed
2026-01-01 19:29:10,ERROR,API request completed
2026-01-01 17:53:24,INFO,Database connection established
2026-01-01 17:40:18,INFO,API request failed
2026-01-01 20:13:10,DEBUG,Database connection timeout
2026-01-01 09:36:57,WARN,Database connection established
2026-01-01 11:14:08,INFO,Database connection established
2026-01-01 09:09:25,INFO,File deleted
2026-01-01 09:51:12,ERROR,Database connection timeout
2026-01-01 13:34:00,INFO,Cache miss
2026-01-01 15:39:48,INFO,UserLogin succeeded
2026-01-01 14:58:30,DEBUG,Cache hit
2026-01-01 11:43:28,INFO,UserLogin failed
2026-01-01 18:01:17,INFO,Database connection timeout
2026-01-01 18:44:00,ERROR,API request completed
2026-01-01 16:38:37,WARN,Database connection established
2026-01-01 17:07:18,DEBUG,UserLogin succeeded
2026-01-01 14:33:24,WARN,API request failed
2026-01-01 13:51:40,INFO,Payment processed
2026-01-01 16:12:55,INFO,Payment declined
2026-01-01 15:31:12,DEBUG,File uploaded
2026-01-01 10:21:10,ERROR,Cache miss
2026-01-01 12:42:40,ERROR,Cache hit
2026-01-01 16:57:42,INFO,Cache miss
2026-01-01 22:10:00,WARN,Cache miss
2026-01-01 09:53:28,ERROR,Database connection timeout
2026-01-01 20:04:12,INFO,File deleted
2026-01-01 09:53:44,INFO,File uploaded
2026-01-01 18:12:02,DEBUG,Database connection timeout
2026-01-01 11:33:45,INFO,Database connection timeout
2026-01-01 22:16:00,WARN,API request failed
2026-01-01 20:22:44,ERROR,Payment declined
2026-01-01 10:37:18,ERROR,Cache hit
2026-01-01 16:49:43,WARN,API request failed
2026-01-01 15:38:40,DEBUG,Cache miss
2026-01-01 09:54:48,ERROR,Cache miss
2026-01-01 13:01:42,INFO,Database connection established
2026-01-01 17:35:20,INFO,UserLogin failed
2026-01-01 20:14:24,INFO,File deleted
2026-01-01 12:48:20,INFO,API request completed
2026-01-01 11:50:56,INFO,Payment processed
2026-01-01 21:58:06,INFO,Payment processed
2026-01-01 18:22:04,DEBUG,UserLogin failed
2026-01-01 16:12:26,INFO,Database connection timeout
2026-01-01 11:52:00,ERROR,API request failed
2026-01-01 09:12:35,ERROR,Cache hit
2026-01-01 10:54:24,ERROR,Cache hit
2026-01-01 21:05:42,ERROR,Cache miss
2026-01-01 11:53:04,ERROR,UserLogin failed
2026-01-01 20:09:10,ERROR,Cache hit
2026-01-01 21:37:36,INFO,Payment processed
2026-01-01 15:47:44,WARN,Database connection timeout
2026-01-01 21:54:06,INFO,UserLogin succeeded
2026-01-01 09:13:15,INFO,Database connection timeout
2026-01-01 12:09:20,INFO,File uploaded
2026-01-01 22:26:19,ERROR,UserLogin succeeded
2026-01-01 09:42:54,DEBUG,Database connection timeout
2026-01-01 12:24:54,INFO,UserLogin failed
2026-01-01 21:59:48,ERROR,File deleted
2026-01-01 10:57:00,WARN,API request completed
2026-01-01 14:23:56,WARN,API request completed
2026-01-01 21:33:05,WARN,File deleted
2026-01-01 11:12:24,INFO,API request failed
2026-01-01 19:36:23,INFO,Payment processed
2026-01-01 21:50:40,WARN,Payment processed
2026-01-01 12:12:27,INFO,UserLogin succeeded
2026-01-01 09:14:20,INFO,File deleted
2026-01-01 17:55:20,WARN,Database connection timeout
2026-01-01 22:54:00,INFO,File uploaded
2026-01-01 14:27:50,INFO,Cache hit
2026-01-01 10:14:24,DEBUG,Payment processed
2026-01-01 18:27:54,INFO,UserLogin failed
2026-01-01 18:13:38,INFO,API request failed
2026-01-01 13:44:37,DEBUG,File deleted
2026-01-01 11:45:00,INFO,API request completed
2026-01-01 18:15:41,INFO,Cache hit
2026-01-01 21:16:46,WARN,Cache hit
2026-01-01 15:46:33,INFO,File deleted
2026-01-01 20:48:24,WARN,Database connection established
2026-01-01 17:18:05,WARN,UserLogin succeeded
2026-01-01 21:20:18,INFO,Payment declined
2026-01-01 19:50:29,INFO,Cache hit
2026-01-01 10:31:20,ERROR,Cache hit
2026-01-01 12:32:42,INFO,Cache miss
2026-01-01 17:06:00,DEBUG,Payment declined
2026-01-01 20:23:59,INFO,Database connection timeout
2026-01-01 15:05:36,ERROR,Cache hit
2026-01-01 15:51:43,WARN,UserLogin failed
2026-01-01 17:08:24,INFO,Cache hit
2026-01-01 12:49:45,ERROR,API request completed
2026-01-01 10:02:08,INFO,Payment declined
2026-01-01 16:54:55,DEBUG,Payment declined
2026-01-01 18:12:00,WARN,Payment processed
2026-01-01 19:44:34,INFO,API request completed
2026-01-01 20:31:20,INFO,UserLogin failed
2026-01-01 16:41:54,INFO,API request completed
2026-01-01 18:14:40,WARN,API request completed
2026-01-01 14:39:58,DEBUG,Cache miss
2026-01-01 16:28:12,ERROR,Payment declined
2026-01-01 11:51:15,INFO,Cache miss
2026-01-01 11:36:04,INFO,File deleted
2026-01-01 12:38:06,INFO,Database connection established
2026-01-01 22:57:04,INFO,UserLogin failed
2026-01-01 14:11:36,WARN,UserLogin succeeded
2026-01-01 12:39:00,DEBUG,Payment declined
2026-01-01 18:20:40,DEBUG,File deleted
2026-01-01 19:54:32,INFO,Payment processed
2026-01-01 21:28:36,DEBUG,File deleted
2026-01-01 12:40:12,ERROR,API request completed
2026-01-01 15:16:20,WARN,UserLogin succeeded
2026-01-01 10:36:00,INFO,Payment declined
2026-01-01 16:35:21,ERROR,Payment declined
2026-01-01 22:04:12,WARN,Cache hit
2026-01-01 14:31:15,INFO,Payment declined
2026-01-01 21:50:20,WARN,Cache hit
2026-01-01 09:18:25,DEBUG,File deleted
2026-01-01 20:17:54,DEBUG,Cache hit
2026-01-01 20:18:41,DEBUG,Payment declined
2026-01-01 12:27:28,INFO,Database connection established
2026-01-01 20:20:15,INFO,Payment declined
2026-01-01 18:30:40,DEBUG,Cache hit
2026-01-01 19:02:54,DEBUG,File deleted
2026-01-01 20:54:12,ERROR,File uploaded
2026-01-01 09:19:05,DEBUG,API request failed
2026-01-01 17:45:50,WARN,Database connection timeout
2026-01-01 12:45:18,INFO,Cache hit
2026-01-01 14:04:56,INFO,File deleted
2026-01-01 23:37:07,ERROR,UserLogin succeeded
2026-01-01 18:04:12,INFO,API request completed
2026-01-01 21:15:50,WARN,Database connection established
2026-01-01 11:27:08,INFO,File uploaded
2026-01-01 17:02:18,DEBUG,Database connection established
2026-01-01 14:07:14,INFO,Database connection timeout
2026-01-01 21:19:10,DEBUG,Payment processed
2026-01-01 16:32:00,DEBUG,Cache hit
2026-01-01 09:20:05,WARN,Database connection timeout
2026-01-01 16:17:02,INFO,Cache miss
2026-01-01 19:14:06,ERROR,Cache hit
2026-01-01 20:51:12,INFO,API request failed
2026-01-01 12:17:20,DEBUG,UserLogin failed
2026-01-01 22:29:24,ERROR,API request completed
2026-01-01 10:57:17,INFO,Database connection timeout
2026-01-01 14:43:20,WARN,API request completed
2026-01-01 11:46:06,INFO,File deleted
2026-01-01 09:20:50,DEBUG,File uploaded
2026-01-01 14:12:13,ERROR,File deleted
2026-01-01 11:30:36,INFO,Database connection timeout
2026-01-01 17:11:22,WARN,File uploaded
2026-01-01 15:34:32,INFO,File uploaded
2026-01-01 14:46:15,INFO,UserLogin failed
2026-01-01 11:47:44,DEBUG,Payment processed
2026-01-01 14:47:05,INFO,UserLogin failed
2026-01-01 09:37:48,ERROR,Cache hit
2026-01-01 10:10:32,ERROR,Cache miss
2026-01-01 19:26:00,INFO,Cache hit
2026-01-01 14:32:24,INFO,Database connection timeout
2026-01-01 16:11:00,DEBUG,UserLogin failed
2026-01-01 17:33:25,INFO,Database connection established
2026-01-02 00:24:00,INFO,File deleted
2026-01-01 22:46:30,DEBUG,Database connection timeout
2026-01-02 00:09:34,WARN,API request completed
2026-01-01 21:09:36,INFO,Database connection timeout
2026-01-01 16:46:56,WARN,Cache hit
2026-01-01 17:20:26,DEBUG,UserLogin succeeded
2026-01-01 20:06:00,DEBUG,Database connection established
2026-01-01 19:17:11,DEBUG,File uploaded
2026-01-01 14:03:44,INFO,Cache hit
2026-01-01 11:35:09,WARN,UserLogin succeeded
2026-01-01 11:35:22,WARN,Payment processed
2026-01-01 18:30:10,DEBUG,Payment declined
2026-01-01 23:29:36,ERROR,Payment declined
2026-01-01 14:22:11,INFO,Database connection timeout
2026-01-01 13:16:02,INFO,UserLogin succeeded
2026-01-01 14:56:15,DEBUG,File deleted